#,Book ID,Section ID,方志,部,Book Year,Edition Year,方志地點,經度(x),緯度(y),Description,頁數,賦役,田土種類,單位,數字,年號,官民,分,地名,分單位,米,鈔,則
1,16684,5226126,池州府志,田賦篇,1566,1566,池州府,117.481834,30.654661,池州府志_田賦篇,,戸口,,,,,,,,,,,
2,16684,5226126,池州府志,田賦篇,1566,1566,池州府,117.481834,30.654661,池州府志_田賦篇,,戸口;户,,,一萬六千九百二十九,,,,總,,,,
3,16684,5226126,池州府志,田賦篇,1566,1566,池州府,117.481834,30.654661,池州府志_田賦篇,,戸口;户,,,六千二十七,,,,貴池,,,,
4,16684,5226126,池州府志,田賦篇,1566,1566,池州府,117.481834,30.654661,池州府志_田賦篇,,戸口;户,,,二千二百一十五,,,,青陽,,,,
5,16684,5226126,池州府志,田賦篇,1566,1566,池州府,117.481834,30.654661,池州府志_田賦篇,,戸口;户,,,三千四百五十五,,,,銅陵,,,,
6,16684,5226126,池州府志,田賦篇,1566,1566,池州府,117.481834,30.654661,池州府志_田賦篇,,戸口;户,,,一千五百七十一,,,,石埭,,,,
7,16684,5226126,池州府志,田賦篇,1566,1566,池州府,117.481834,30.654661,池州府志_田賦篇,,戸口;户,,,一千八百九十七,,,,建德,,,,
8,16684,5226126,池州府志,田賦篇,1566,1566,池州府,117.481834,30.654661,池州府志_田賦篇,,戸口;户,,,一千七百六十四,,,,東流,,,,
9,16684,5226126,池州府志,田賦篇,1566,1566,池州府,117.481834,30.654661,池州府志_田賦篇,,戸口;口,,,,,,,,,,,
10,16684,5226126,池州府志,田賦篇,1566,1566,池州府,117.481834,30.654661,池州府志_田賦篇,,戸口;口,,,八萬四千八百一十六,,,,總,,,,
11,16684,5226126,池州府志,田賦篇,1566,1566,池州府,117.481834,30.654661,池州府志_田賦篇,,戸口;口,,,三萬四千五百一十三,,,,貴池,,,,
12,16684,5226126,池州府志,田賦篇,1566,1566,池州府,117.481834,30.654661,池州府志_田賦篇,,戸口;口,,,九千三十七,,,,青陽,,,,
13,16684,5226126,池州府志,田賦篇,1566,1566,池州府,117.481834,30.654661,池州府志_田賦篇,,戸口;口,,,一萬四千九百四十二,,,,銅陵,,,,
14,16684,5226126,池州府志,田賦篇,1566,1566,池州府,117.481834,30.654661,池州府志_田賦篇,,戸口;口,,,一萬九十八,,,,石埭,,,,
15,16684,5226126,池州府志,田賦篇,1566,1566,池州府,117.481834,30.654661,池州府志_田賦篇,,戸口;口,,,八千八百四十六東流七千三百八十,,,,建德,,,,
16,16684,5226126,池州府志,田賦篇,1566,1566,池州府,117.481834,30.654661,池州府志_田賦篇,,田地山塘,,,,,官,,,,,,
17,16684,5226126,池州府志,田賦篇,1566,1566,池州府,117.481834,30.654661,池州府志_田賦篇,,田地山塘,,頃;分;毫,一千八百二十三;五;二,,官,七十七,總,畆,,,
18,16684,5226126,池州府志,田賦篇,1566,1566,池州府,117.481834,30.654661,池州府志_田賦篇,,田地山塘,田,頃;分;毫,三百六十四;七;四,,官,六十七,貴池,畆,,,
19,16684,5226126,池州府志,田賦篇,1566,1566,池州府,117.481834,30.654661,池州府志_田賦篇,,田地山塘,地,頃;分;毫,九十九;一;七,,官,七十七,貴池,畆,,,
20,16684,5226126,池州府志,田賦篇,1566,1566,池州府,117.481834,30.654661,池州府志_田賦篇,,田地山塘,山,頃;分,四;六,,官,二,貴池,畆,,,
21,16684,5226126,池州府志,田賦篇,1566,1566,池州府,117.481834,30.654661,池州府志_田賦篇,,田地山塘,塘,畆,五十二,,官,三,貴池,分,,,
22,16684,5226126,池州府志,田賦篇,1566,1566,池州府,117.481834,30.654661,池州府志_田賦篇,,田地山塘,田,頃;分;毫,二百七十九;三;九,,官,七,青陽,畆,,,
23,16684,5226126,池州府志,田賦篇,1566,1566,池州府,117.481834,30.654661,池州府志_田賦篇,,田地山塘,地,頃;分;毫,四十七;八;六,,官,九十八,青陽,畆,,,
24,16684,5226126,池州府志,田賦篇,1566,1566,池州府,117.481834,30.654661,池州府志_田賦篇,,田地山塘,山,畆,六十九,,官,三,青陽,分,,,
25,16684,5226126,池州府志,田賦篇,1566,1566,池州府,117.481834,30.654661,池州府志_田賦篇,,田地山塘,塘,頃,二,,官,七十二,青陽,畆,,,
26,16684,5226126,池州府志,田賦篇,1566,1566,池州府,117.481834,30.654661,池州府志_田賦篇,,田地山塘,田,頃;分;毫,一百八十九;一;二,,官,二十六,銅陵,畆,,,
27,16684,5226126,池州府志,田賦篇,1566,1566,池州府,117.481834,30.654661,池州府志_田賦篇,,田地山塘,地,頃;分;毫,四十八;六;四,,官,六十九,銅陵,畆,,,
28,16684,5226126,池州府志,田賦篇,1566,1566,池州府,117.481834,30.654661,池州府志_田賦篇,,田地山塘,山,畆,六十一,,官,,銅陵,,,,
29,16684,5226126,池州府志,田賦篇,1566,1566,池州府,117.481834,30.654661,池州府志_田賦篇,,田地山塘,塘,頃;分,一十八;七,,官,四十三,銅陵,畆,,,
30,16684,5226126,池州府志,田賦篇,1566,1566,池州府,117.481834,30.654661,池州府志_田賦篇,,田地山塘,田,頃;分,一百四;七,,官,四十五,石埭,畆,,,
31,16684,5226126,池州府志,田賦篇,1566,1566,池州府,117.481834,30.654661,池州府志_田賦篇,,田地山塘,地,頃;分,四十八;五,,官,八十五,石埭,畆,,,
32,16684,5226126,池州府志,田賦篇,1566,1566,池州府,117.481834,30.654661,池州府志_田賦篇,,田地山塘,山,頃;分,六十三;四,,官,二十八,石埭,畆,,,
33,16684,5226126,池州府志,田賦篇,1566,1566,池州府,117.481834,30.654661,池州府志_田賦篇,,田地山塘,塘,畆,二,,官,七,石埭,分,,,
34,16684,5226126,池州府志,田賦篇,1566,1566,池州府,117.481834,30.654661,池州府志_田賦篇,,田地山塘,池,分,三,,官,,石埭,,,,
35,16684,5226126,池州府志,田賦篇,1566,1566,池州府,117.481834,30.654661,池州府志_田賦篇,,田地山塘,,,,,官,,建德,,,,
36,16684,5226126,池州府志,田賦篇,1566,1566,池州府,117.481834,30.654661,池州府志_田賦篇,,田地山塘,田,頃;分,一百四十一;五,,官,九十六,建德,畆,,,
37,16684,5226126,池州府志,田賦篇,1566,1566,池州府,117.481834,30.654661,池州府志_田賦篇,,田地山塘,地,頃;分,一百五十八;一,,官,二十四,建德,畆,,,
38,16684,5226126,池州府志,田賦篇,1566,1566,池州府,117.481834,30.654661,池州府志_田賦篇,,田地山塘,山,畆,五十六,,官,九,建德,分,,,
39,16684,5226126,池州府志,田賦篇,1566,1566,池州府,117.481834,30.654661,池州府志_田賦篇,,田地山塘,塘,畆,七,,官,七,建德,分,,,
40,16684,5226126,池州府志,田賦篇,1566,1566,池州府,117.481834,30.654661,池州府志_田賦篇,,田地山塘,田,頃;分,一百四十八;一,,官,八十,東流,畆,,,
41,16684,5226126,池州府志,田賦篇,1566,1566,池州府,117.481834,30.654661,池州府志_田賦篇,,田地山塘,地,頃;分,九十六;七,,官,四十,東流,畆,,,
42,16684,5226126,池州府志,田賦篇,1566,1566,池州府,117.481834,30.654661,池州府志_田賦篇,,田地山塘,山,頃;分,三;五,,官,九十九,東流,畆,,,
43,16684,5226126,池州府志,田賦篇,1566,1566,池州府,117.481834,30.654661,池州府志_田賦篇,,田地山塘,塘,畆,六十一,,官,二,東流,分,,,
44,16684,5226126,池州府志,田賦篇,1566,1566,池州府,117.481834,30.654661,池州府志_田賦篇,,田地山塘,,,,,民,,,,,,
45,16684,5226126,池州府志,田賦篇,1566,1566,池州府,117.481834,30.654661,池州府志_田賦篇,,田地山塘,,頃;分;毫,七千二百四十;八;八,,民,四十二,總,畆,,,
46,16684,5226126,池州府志,田賦篇,1566,1566,池州府,117.481834,30.654661,池州府志_田賦篇,,田地山塘,田,頃;分;毫,一千六百八十;七;二,,民,二十五,貴池,畆,,,
47,16684,5226126,池州府志,田賦篇,1566,1566,池州府,117.481834,30.654661,池州府志_田賦篇,,田地山塘,地,頃;分;毫,二百八十六;九;二,,民,八十七,貴池,畆,,,
48,16684,5226126,池州府志,田賦篇,1566,1566,池州府,117.481834,30.654661,池州府志_田賦篇,,田地山塘,山,頃,二百一十五,,民,五十九,貴池,畆,,,
49,16684,5226126,池州府志,田賦篇,1566,1566,池州府,117.481834,30.654661,池州府志_田賦篇,,田地山塘,塘,頃,一十七,,民,三十一,貴池,畆,,,
50,16684,5226126,池州府志,田賦篇,1566,1566,池州府,117.481834,30.654661,池州府志_田賦篇,,田地山塘,田,頃;分;毫,一千二百三十五;九;八,,民,八十二,青陽,畆,,,
51,16684,5226126,池州府志,田賦篇,1566,1566,池州府,117.481834,30.654661,池州府志_田賦篇,,田地山塘,地,頃;分;毫,一百五十五;一;三,,民,三十八,青陽,畆,,,
52,16684,5226126,池州府志,田賦篇,1566,1566,池州府,117.481834,30.654661,池州府志_田賦篇,,田地山塘,山,頃;分,八十九;二,,民,三,青陽,畆,,,
53,16684,5226126,池州府志,田賦篇,1566,1566,池州府,117.481834,30.654661,池州府志_田賦篇,,田地山塘,塘,頃;毫,一十一;七,,民,七十八,青陽,畆,,,
54,16684,5226126,池州府志,田賦篇,1566,1566,池州府,117.481834,30.654661,池州府志_田賦篇,,田地山塘,田,頃;分;毫,一千九十八;四;七,,民,六十二,銅陵,畆,,,
55,16684,5226126,池州府志,田賦篇,1566,1566,池州府,117.481834,30.654661,池州府志_田賦篇,,田地山塘,地,頃;分;毫,二百九十;七;三,,民,三十五,銅陵,畆,,,
56,16684,5226126,池州府志,田賦篇,1566,1566,池州府,117.481834,30.654661,池州府志_田賦篇,,田地山塘,山,頃;分,二十七;七,,民,八十八,銅陵,畆,,,
57,16684,5226126,池州府志,田賦篇,1566,1566,池州府,117.481834,30.654661,池州府志_田賦篇,,田地山塘,塘,頃;分;毫,二十七;九;八,,民,九十一,銅陵,畆,,,
58,16684,5226126,池州府志,田賦篇,1566,1566,池州府,117.481834,30.654661,池州府志_田賦篇,,田地山塘,田,頃;分;毫,四百二十二;五;五,,民,五十八,石埭,畆,,,
59,16684,5226126,池州府志,田賦篇,1566,1566,池州府,117.481834,30.654661,池州府志_田賦篇,,田地山塘,地,頃;分,一百二十九;七,,民,八,石埭,畆,,,
60,16684,5226126,池州府志,田賦篇,1566,1566,池州府,117.481834,30.654661,池州府志_田賦篇,,田地山塘,山,頃;分,二百四十五;六,,民,八十,石埭,畆,,,
61,16684,5226126,池州府志,田賦篇,1566,1566,池州府,117.481834,30.654661,池州府志_田賦篇,,田地山塘,塘,畆,七十九,,民,六,石埭,分,,,
62,16684,5226126,池州府志,田賦篇,1566,1566,池州府,117.481834,30.654661,池州府志_田賦篇,,田地山塘,池,畆,二十八,,民,一,石埭,分,,,
63,16684,5226126,池州府志,田賦篇,1566,1566,池州府,117.481834,30.654661,池州府志_田賦篇,,田地山塘,田,頃;分;毫,四百六十七;九;三,,民,四十八,建德,畆,,,
64,16684,5226126,池州府志,田賦篇,1566,1566,池州府,117.481834,30.654661,池州府志_田賦篇,,田地山塘,地,頃;分,一百七十八;一,,民,四十一,建德,畆,,,
65,16684,5226126,池州府志,田賦篇,1566,1566,池州府,117.481834,30.654661,池州府志_田賦篇,,田地山塘,山,頃,一百五,,民,四十七,建德,畆,,,
66,16684,5226126,池州府志,田賦篇,1566,1566,池州府,117.481834,30.654661,池州府志_田賦篇,,田地山塘,塘,頃;分,六;七,,民,二十,建德,畆,,,
67,16684,5226126,池州府志,田賦篇,1566,1566,池州府,117.481834,30.654661,池州府志_田賦篇,,田地山塘,田,頃;分,二百四十五;五,,民,七十三,東流,畆,,,
68,16684,5226126,池州府志,田賦篇,1566,1566,池州府,117.481834,30.654661,池州府志_田賦篇,,田地山塘,地,頃;分,九十三;六,,民,一,東流,畆,,,
69,16684,5226126,池州府志,田賦篇,1566,1566,池州府,117.481834,30.654661,池州府志_田賦篇,,田地山塘,山,頃;分,二百三;八,,民,六十二,東流,畆,,,
70,16684,5226126,池州府志,田賦篇,1566,1566,池州府,117.481834,30.654661,池州府志_田賦篇,,田地山塘,塘,頃;分,五;一,,民,六,東流,畆,,,
71,16684,5226126,池州府志,田賦篇,1566,1566,池州府,117.481834,30.654661,池州府志_田賦篇,,夏稅,,,,,,,,,,,
72,16684,5226126,池州府志,田賦篇,1566,1566,池州府,117.481834,30.654661,池州府志_田賦篇,,夏稅,,石;升;勺;抄,六千九百二;九;二;七,,,六;八,總,斗;合,,,
73,16684,5226126,池州府志,田賦篇,1566,1566,池州府,117.481834,30.654661,池州府志_田賦篇,,夏稅,,石;升;勺,一千五百六十八;九;五,,,六;一,貴池,斗;合,,,
74,16684,5226126,池州府志,田賦篇,1566,1566,池州府,117.481834,30.654661,池州府志_田賦篇,,夏稅,,石;升;勺,六百九十二;三;一,,,五;三,青陽,斗;合,,,
75,16684,5226126,池州府志,田賦篇,1566,1566,池州府,117.481834,30.654661,池州府志_田賦篇,,夏稅,,石;升,一千二百六十五;九,,,七;七,銅陵,斗;勺,,,
76,16684,5226126,池州府志,田賦篇,1566,1566,池州府,117.481834,30.654661,池州府志_田賦篇,,夏稅,,石;升;抄,八百一十三;七;七,,,五;四,石埭,斗;合,,,
77,16684,5226126,池州府志,田賦篇,1566,1566,池州府,117.481834,30.654661,池州府志_田賦篇,,夏稅,,石;合,一千五百七十六;三,,,二;九,建德,升;勺,,,
78,16684,5226126,池州府志,田賦篇,1566,1566,池州府,117.481834,30.654661,池州府志_田賦篇,,夏稅,,石;合,九百八十六;一,,,三;九,東流,斗;勺,,,
79,16684,5226126,池州府志,田賦篇,1566,1566,池州府,117.481834,30.654661,池州府志_田賦篇,,秋糧,,,,,,,,,,,
80,16684,5226126,池州府志,田賦篇,1566,1566,池州府,117.481834,30.654661,池州府志_田賦篇,,秋糧,,石;升;合,五萬四千七百八十九;二;三,,,九;四,總,斗;勺,,,
81,16684,5226126,池州府志,田賦篇,1566,1566,池州府,117.481834,30.654661,池州府志_田賦篇,,秋糧,,石;升,一萬七千五百一十六;四,,,九;二,貴池,斗;合,,,
82,16684,5226126,池州府志,田賦篇,1566,1566,池州府,117.481834,30.654661,池州府志_田賦篇,,秋糧,,石;升;勺,一萬一千八百八十一;三;八,,,五;五,青陽,斗;合,,,
83,16684,5226126,池州府志,田賦篇,1566,1566,池州府,117.481834,30.654661,池州府志_田賦篇,,秋糧,,石;升;勺,一萬一千四百四十七;二;二,,,三;二,銅陵,斗;合,,,
84,16684,5226126,池州府志,田賦篇,1566,1566,池州府,117.481834,30.654661,池州府志_田賦篇,,秋糧,,石;升;勺,四千五百二;六;九,,,五;一,石埭,斗;合,,,
85,16684,5226126,池州府志,田賦篇,1566,1566,池州府,117.481834,30.654661,池州府志_田賦篇,,秋糧,,石;合,五千四百一十二;九,,,八;五,建德,升;勺,,,
86,16684,5226126,池州府志,田賦篇,1566,1566,池州府,117.481834,30.654661,池州府志_田賦篇,,秋糧,,石;升;合,四千二十九;七;一,,,四;六,東流,斗;勺,,,
87,16684,5226126,池州府志,田賦篇,1566,1566,池州府,117.481834,30.654661,池州府志_田賦篇,,馬草,,,,,,,,,,,
88,16684,5226126,池州府志,田賦篇,1566,1566,池州府,117.481834,30.654661,池州府志_田賦篇,,馬草,,包;錢,九萬八千二百七十八;五,,,九;六;三,總,斤;兩;分,,,
89,16684,5226126,池州府志,田賦篇,1566,1566,池州府,117.481834,30.654661,池州府志_田賦篇,,馬草,,包;錢,三萬九百九十二;九,,,一十;九;六,貴池,斤;兩;分,,,
90,16684,5226126,池州府志,田賦篇,1566,1566,池州府,117.481834,30.654661,池州府志_田賦篇,,馬草,,包,一萬九千五百九十三,,,六;九,青陽,斤;兩,,,
91,16684,5226126,池州府志,田賦篇,1566,1566,池州府,117.481834,30.654661,池州府志_田賦篇,,馬草,,包;錢,二萬九百六;三,,,七;八;九,銅陵,斤;兩;分,,,
92,16684,5226126,池州府志,田賦篇,1566,1566,池州府,117.481834,30.654661,池州府志_田賦篇,,馬草,,包,八千八百五,,,五;二,石埭,兩;錢,,,
93,16684,5226126,池州府志,田賦篇,1566,1566,池州府,117.481834,30.654661,池州府志_田賦篇,,馬草,,包;錢,一萬一千二百六十五;七,,,二;四;八,建德,斤;兩;分,,,
94,16684,5226126,池州府志,田賦篇,1566,1566,池州府,117.481834,30.654661,池州府志_田賦篇,,馬草,,包;錢,六千七百一十五;二,,,一十二;一,東流,斤;兩,,,
95,16684,5226126,池州府志,田賦篇,1566,1566,池州府,117.481834,30.654661,池州府志_田賦篇,,丁田,,兩;分;絲,六千五百六十五;五,,,八;二,,錢;忽,,,
96,16684,5226126,池州府志,田賦篇,1566,1566,池州府,117.481834,30.654661,池州府志_田賦篇,,丁田;人一丁徵銀四分田一畝徵銀一分不論官民輕重一則均,,丁;分;畝;分,一;四;一;一,,,,,,,,
97,16684,5226126,池州府志,田賦篇,1566,1566,池州府,117.481834,30.654661,池州府志_田賦篇,,丁田,,兩;分;毫,二千四十四;三;四,,,九;六,貴池,錢;絲,,,
98,16684,5226126,池州府志,田賦篇,1566,1566,池州府,117.481834,30.654661,池州府志_田賦篇,,丁田,,兩;分;毫;忽,一千五百二十六;八;三;二,,,八;四,青陽,錢;絲,,,
99,16684,5226126,池州府志,田賦篇,1566,1566,池州府,117.481834,30.654661,池州府志_田賦篇,,丁田,,兩;分;毫,一千二百七十九;一;三,,,六,銅陵,錢,,,
100,16684,5226126,池州府志,田賦篇,1566,1566,池州府,117.481834,30.654661,池州府志_田賦篇,,丁田,,兩;分;絲,七百六十五;四;四,,,九,石埭,錢,,,
101,16684,5226126,池州府志,田賦篇,1566,1566,池州府,117.481834,30.654661,池州府志_田賦篇,,丁田,,兩;分,五百五十七;三,,,五,建德,錢,,,
102,16684,5226126,池州府志,田賦篇,1566,1566,池州府,117.481834,30.654661,池州府志_田賦篇,,丁田,,兩;分;毫,三百九十;四;六,,,九,東流,錢,,,
103,16684,5226126,池州府志,田賦篇,1566,1566,池州府,117.481834,30.654661,池州府志_田賦篇,,料貢朝覲慶賀表箋應辦雜物俱於内動支,,,,,,,,,,,
104,16684,5226126,池州府志,田賦篇,1566,1566,池州府,117.481834,30.654661,池州府志_田賦篇,,農桑絲絹;折銀,,兩,一百四十一,,,一,,錢,,,
105,16684,5226126,池州府志,田賦篇,1566,1566,池州府,117.481834,30.654661,池州府志_田賦篇,,農桑絲絹,,兩,六十,,,二,貴池,錢,,,
106,16684,5226126,池州府志,田賦篇,1566,1566,池州府,117.481834,30.654661,池州府志_田賦篇,,農桑絲絹,,兩;錢,一十九;六,,,,青陽,,,,
107,16684,5226126,池州府志,田賦篇,1566,1566,池州府,117.481834,30.654661,池州府志_田賦篇,,農桑絲絹,,兩,四十一,,,三,銅陵,錢,,,
108,16684,5226126,池州府志,田賦篇,1566,1566,池州府,117.481834,30.654661,池州府志_田賦篇,,農桑絲絹,,兩,一,,,四,石埭,錢,,,
109,16684,5226126,池州府志,田賦篇,1566,1566,池州府,117.481834,30.654661,池州府志_田賦篇,,農桑絲絹,,兩,九,,,八,建德,錢,,,
110,16684,5226126,池州府志,田賦篇,1566,1566,池州府,117.481834,30.654661,池州府志_田賦篇,,農桑絲絹,,兩,七,,,,東流,,,,
111,16684,5226126,池州府志,田賦篇,1566,1566,池州府,117.481834,30.654661,池州府志_田賦篇,,丁田内支鹽鈔;折銀,,兩;毫;忽,五百六十一;六,,,五;八,,分;絲,,,
112,16684,5226126,池州府志,田賦篇,1566,1566,池州府,117.481834,30.654661,池州府志_田賦篇,,丁田内支鹽鈔;每口徵銀,,分,一,,,,,,,,
113,16684,5226126,池州府志,田賦篇,1566,1566,池州府,117.481834,30.654661,池州府志_田賦篇,,丁田内支鹽鈔,,兩;分;毫;忽,一百四十八;九;一;八,,,三;一,貴池,錢;絲,,,
114,16684,5226126,池州府志,田賦篇,1566,1566,池州府,117.481834,30.654661,池州府志_田賦篇,,丁田内支鹽鈔,,兩;分;毫;忽,一百一;八;四;四,,,五;五,青陽,錢;絲,,,
115,16684,5226126,池州府志,田賦篇,1566,1566,池州府,117.481834,30.654661,池州府志_田賦篇,,丁田内支鹽鈔,,兩;分,一百二十二;二,,,五,銅陵,錢,,,
116,16684,5226126,池州府志,田賦篇,1566,1566,池州府,117.481834,30.654661,池州府志_田賦篇,,丁田内支鹽鈔,,兩;分;毫,七十八;五;二,,,一,石埭,錢,,,
117,16684,5226126,池州府志,田賦篇,1566,1566,池州府,117.481834,30.654661,池州府志_田賦篇,,丁田内支鹽鈔,,兩;絲,四十七;一,,,四;三,建德,錢;忽,,,
118,16684,5226126,池州府志,田賦篇,1566,1566,池州府,117.481834,30.654661,池州府志_田賦篇,,丁田内支鹽鈔,,兩;毫,六十三;九,,,,東流,,,,
119,16684,5226126,池州府志,田賦篇,1566,1566,池州府,117.481834,30.654661,池州府志_田賦篇,,酒醋等鈔;折銀,,兩;分;毫;忽,七十四;二;九;五,,,六;三,,錢;絲,,,
120,16684,5226126,池州府志,田賦篇,1566,1566,池州府,117.481834,30.654661,池州府志_田賦篇,,酒醋等鈔;每貫折銀,,,,,,,,,,,
121,16684,5226126,池州府志,田賦篇,1566,1566,池州府,117.481834,30.654661,池州府志_田賦篇,,酒醋等鈔,,兩;毫;忽,二十五;五;八,,,二;六,貴池,分;絲,,,
122,16684,5226126,池州府志,田賦篇,1566,1566,池州府,117.481834,30.654661,池州府志_田賦篇,,酒醋等鈔,,兩;分;絲,一十三;三;七,,,九;八,青陽,錢;忽,,,
123,16684,5226126,池州府志,田賦篇,1566,1566,池州府,117.481834,30.654661,池州府志_田賦篇,,酒醋等鈔,,兩;毫;絲,七;一;四,,,四;四,銅陵,分;忽,,,
124,16684,5226126,池州府志,田賦篇,1566,1566,池州府,117.481834,30.654661,池州府志_田賦篇,,酒醋等鈔,,兩;分;毫;絲,一十七;三;六;三,,,八,石埭,錢,,,
125,16684,5226126,池州府志,田賦篇,1566,1566,池州府,117.481834,30.654661,池州府志_田賦篇,,酒醋等鈔,,兩;分;毫;忽,六;二;七;五,,,九;二,建德,錢;絲,,,
126,16684,5226126,池州府志,田賦篇,1566,1566,池州府,117.481834,30.654661,池州府志_田賦篇,,酒醋等鈔,,兩;分;毫,三;六;七,,,八;九,東流,錢;絲,,,
127,16684,5226126,池州府志,田賦篇,1566,1566,池州府,117.481834,30.654661,池州府志_田賦篇,,魚課鈔;折銀,,兩;分;毫;絲,一百二十六;一;五;五,,,七;八,,錢;忽,,,
128,16684,5226126,池州府志,田賦篇,1566,1566,池州府,117.481834,30.654661,池州府志_田賦篇,,魚課鈔,,兩;毫,三十二;二,,,四,池口,錢,,,
129,16684,5226126,池州府志,田賦篇,1566,1566,池州府,117.481834,30.654661,池州府志_田賦篇,,魚課鈔,,兩,一十,,,三,清溪,錢,,,
130,16684,5226126,池州府志,田賦篇,1566,1566,池州府,117.481834,30.654661,池州府志_田賦篇,,魚課鈔,,兩;分,二十三;二,,,四,黄湓,錢,,,
131,16684,5226126,池州府志,田賦篇,1566,1566,池州府,117.481834,30.654661,池州府志_田賦篇,,魚課鈔,,兩;分;毫;絲,一十七;二;八;五,,,四;八,大通,錢;忽,,,
132,16684,5226126,池州府志,田賦篇,1566,1566,池州府,117.481834,30.654661,池州府志_田賦篇,,魚課鈔,,兩,一十九,,,三,張家灘,分,,,
133,16684,5226126,池州府志,田賦篇,1566,1566,池州府,117.481834,30.654661,池州府志_田賦篇,,魚課鈔,,兩;分,一十三;九,,,二,江口,錢,,,
134,16684,5226126,池州府志,田賦篇,1566,1566,池州府,117.481834,30.654661,池州府志_田賦篇,,魚課鈔,,兩;分;毫,一十;二;五,,,八,香口,錢,,,
135,16684,5226126,池州府志,田賦篇,1566,1566,池州府,117.481834,30.654661,池州府志_田賦篇,,魚油翎鰾;折銀,,兩;分;毫;忽;塵,四百四;七;九;九;三,,,二;七,,錢;絲,,,
136,16684,5226126,池州府志,田賦篇,1566,1566,池州府,117.481834,30.654661,池州府志_田賦篇,,魚油翎鰾,,兩;絲,十四;五,,,四;三,池口,分;忽,,,
137,16684,5226126,池州府志,田賦篇,1566,1566,池州府,117.481834,30.654661,池州府志_田賦篇,,魚油翎鰾,,兩;錢,二十九;八,,,七,清溪,分,,,
138,16684,5226126,池州府志,田賦篇,1566,1566,池州府,117.481834,30.654661,池州府志_田賦篇,,魚油翎鰾,,兩;分;毫;塵,九十二;六;七;五,,,三;三,黄湓,錢;忽,,,
139,16684,5226126,池州府志,田賦篇,1566,1566,池州府,117.481834,30.654661,池州府志_田賦篇,,魚油翎鰾,,兩,二十八,,,七,江口,分,,,
140,16684,5226126,池州府志,田賦篇,1566,1566,池州府,117.481834,30.654661,池州府志_田賦篇,,魚油翎鰾,,兩;分;毫;絲,七十七;二;五;三,,,八;六,張家灘,錢;忽,,,
141,16684,5226126,池州府志,田賦篇,1566,1566,池州府,117.481834,30.654661,池州府志_田賦篇,,魚油翎鰾,,兩;分;毫;忽,四十六;九;七;八,,,九;六,香口,錢;絲,,,
142,16684,5226126,池州府志,田賦篇,1566,1566,池州府,117.481834,30.654661,池州府志_田賦篇,,魚油翎鰾,,兩;分;毫;忽;塵,四十五;九;九;六;八,,,一,大通,絲,,,
143,16684,5226126,池州府志,田賦篇,1566,1566,池州府,117.481834,30.654661,池州府志_田賦篇,,蘆課;折銀,,兩;毫;絲,二千一百四十八;六;九,,,三,,分,,,
144,16684,5226126,池州府志,田賦篇,1566,1566,池州府,117.481834,30.654661,池州府志_田賦篇,,蘆課,,兩;分;毫,八百六十五;三;九,,,六;一,貴池,錢;絲,,,
145,16684,5226126,池州府志,田賦篇,1566,1566,池州府,117.481834,30.654661,池州府志_田賦篇,,蘆課,,兩,四十二,,,四,青陽,分,,,
146,16684,5226126,池州府志,田賦篇,1566,1566,池州府,117.481834,30.654661,池州府志_田賦篇,,蘆課,,兩;分;毫,五百三十五;三;四,,,九;二,銅陵,錢;絲,,,
147,16684,5226126,池州府志,田賦篇,1566,1566,池州府,117.481834,30.654661,池州府志_田賦篇,,蘆課,,兩;分,六十五;八,,,四,石埭,錢,,,
148,16684,5226126,池州府志,田賦篇,1566,1566,池州府,117.481834,30.654661,池州府志_田賦篇,,蘆課,,兩;分,二十六;四,,,五,建德,錢,,,
149,16684,5226126,池州府志,田賦篇,1566,1566,池州府,117.481834,30.654661,池州府志_田賦篇,,蘆課;上二縣原無洲地俱軍需内徵,,,,,,,,,,,
150,16684,5226126,池州府志,田賦篇,1566,1566,池州府,117.481834,30.654661,池州府志_田賦篇,,蘆課,,兩;分;毫,六百一十二;九;六,,,三,東流,錢,,,
151,16684,5226126,池州府志,田賦篇,1566,1566,池州府,117.481834,30.654661,池州府志_田賦篇,,匠班,,名,一百零一,,,,總,,,,
152,16684,5226126,池州府志,田賦篇,1566,1566,池州府,117.481834,30.654661,池州府志_田賦篇,,匠班;每名納工價銀,,兩,一,,,八,,錢,,,
153,16684,5226126,池州府志,田賦篇,1566,1566,池州府,117.481834,30.654661,池州府志_田賦篇,,匠班;遇閠每名加銀,,錢,六,,,,,,,,
154,16684,5226126,池州府志,田賦篇,1566,1566,池州府,117.481834,30.654661,池州府志_田賦篇,,匠班,,,三十二,,,,貴池,,,,
155,16684,5226126,池州府志,田賦篇,1566,1566,池州府,117.481834,30.654661,池州府志_田賦篇,,匠班,,,一十四,,,,青陽;石埭,,,,
156,16684,5226126,池州府志,田賦篇,1566,1566,池州府,117.481834,30.654661,池州府志_田賦篇,,匠班,,,二十四,,,,銅陵,,,,
157,16684,5226126,池州府志,田賦篇,1566,1566,池州府,117.481834,30.654661,池州府志_田賦篇,,匠班,,,一十二,,,,建德,,,,
158,16684,5226126,池州府志,田賦篇,1566,1566,池州府,117.481834,30.654661,池州府志_田賦篇,,匠班,,名,五,,,,東流,,,,
159,16684,5226126,池州府志,田賦篇,1566,1566,池州府,117.481834,30.654661,池州府志_田賦篇,,土貢,,,,,,,,,,,
160,16684,5226126,池州府志,田賦篇,1566,1566,池州府,117.481834,30.654661,池州府志_田賦篇,,土貢;物料一十四項,,兩;分;絲,五千七百一十四;五;三,,,五;一,,錢;毫,,,
161,16684,5226126,池州府志,田賦篇,1566,1566,池州府,117.481834,30.654661,池州府志_田賦篇,,土貢;天鵞,,,五,,,,,,,,
162,16684,5226126,池州府志,田賦篇,1566,1566,池州府,117.481834,30.654661,池州府志_田賦篇,,土貢;天鵞;每價銀;捕戸辦解,,錢,五,,,,東流,,,,
163,16684,5226126,池州府志,田賦篇,1566,1566,池州府,117.481834,30.654661,池州府志_田賦篇,,土貢;光粉黄熟銅等料銀,,兩;分,一千七百七十九;二,,,六,,錢,,,
164,16684,5226126,池州府志,田賦篇,1566,1566,池州府,117.481834,30.654661,池州府志_田賦篇,,土貢;秋糧存留内動支雜色熟皮銀,,兩,一千,,,,,,,,
165,16684,5226126,池州府志,田賦篇,1566,1566,池州府,117.481834,30.654661,池州府志_田賦篇,,土貢;等料銀,,兩,二百四十一,,,一,,錢,,,
166,16684,5226126,池州府志,田賦篇,1566,1566,池州府,117.481834,30.654661,池州府志_田賦篇,,土貢;蠟茶銀,,兩,二百四十,,,,,,,,
167,16684,5226126,池州府志,田賦篇,1566,1566,池州府,117.481834,30.654661,池州府志_田賦篇,,土貢;砂糖銀,,兩;分,一十三;二,,,三,,錢,,,
168,16684,5226126,池州府志,田賦篇,1566,1566,池州府,117.481834,30.654661,池州府志_田賦篇,,土貢;薑種銀,,兩,五十六,,,,,,,,
169,16684,5226126,池州府志,田賦篇,1566,1566,池州府,117.481834,30.654661,池州府志_田賦篇,,土貢;白綿銀,,兩,四,,,,,,,,
170,16684,5226126,池州府志,田賦篇,1566,1566,池州府,117.481834,30.654661,池州府志_田賦篇,,土貢;薑等藥味銀,,兩,四十,,,五,,錢,,,
171,16684,5226126,池州府志,田賦篇,1566,1566,池州府,117.481834,30.654661,池州府志_田賦篇,,土貢;肥猪鵞銀,,兩,五百二十六,,,,,,,,
172,16684,5226126,池州府志,田賦篇,1566,1566,池州府,117.481834,30.654661,池州府志_田賦篇,,土貢;生絹銀,,兩;分;毫,一百八十;二;六,,,二;三,,錢;絲,,,
173,16684,5226126,池州府志,田賦篇,1566,1566,池州府,117.481834,30.654661,池州府志_田賦篇,,土貢;吐絲銀,,錢;毫,八;五,,,,,,,,
174,16684,5226126,池州府志,田賦篇,1566,1566,池州府,117.481834,30.654661,池州府志_田賦篇,,土貢;芒苖掃箒銀,,兩;分,一百四十七;八,,,六,,錢,,,
175,16684,5226126,池州府志,田賦篇,1566,1566,池州府,117.481834,30.654661,池州府志_田賦篇,,土貢;青紵絲等料銀,,兩,九百一十二,,,八,,錢,,,
176,16684,5226126,池州府志,田賦篇,1566,1566,池州府,117.481834,30.654661,池州府志_田賦篇,,土貢;胖襖銀,,兩,五百七十,,,,,,,,
177,16684,5226126,池州府志,田賦篇,1566,1566,池州府,117.481834,30.654661,池州府志_田賦篇,,土貢;以上銀俱丁田内動支惟胖襖捕戸,,,,,,,,,,,
178,16684,5226126,池州府志,田賦篇,1566,1566,池州府,117.481834,30.654661,池州府志_田賦篇,,土貢;貼銀,,兩;分,五十四;七,,,二,,錢,,,
179,16684,5226126,池州府志,田賦篇,1566,1566,池州府,117.481834,30.654661,池州府志_田賦篇,,俸廪官吏師生,,,,,,,,,,,
180,16684,5226126,池州府志,田賦篇,1566,1566,池州府,117.481834,30.654661,池州府志_田賦篇,,俸廪官吏師生;俸米,,石,三千八百六十八,,,八,,斗,,,
181,16684,5226126,池州府志,田賦篇,1566,1566,池州府,117.481834,30.654661,池州府志_田賦篇,,俸廪官吏師生;俸鈔,,貫,四萬二千五百八十八,,,,,,,,
182,16684,5226126,池州府志,田賦篇,1566,1566,池州府,117.481834,30.654661,池州府志_田賦篇,,俸廪官吏師生,,,,,,,本府,,,,
183,16684,5226126,池州府志,田賦篇,1566,1566,池州府,117.481834,30.654661,池州府志_田賦篇,,俸廪官吏師生;俸米;取諸秋糧存留,,石,一千五十四,,,二,本府,斗,,,
184,16684,5226126,池州府志,田賦篇,1566,1566,池州府,117.481834,30.654661,池州府志_田賦篇,,俸廪官吏師生;俸鈔;取諸課鈔存留,,貫;石,一萬九千百九十六;五百五十五,,,,本府,,,,
185,16684,5226126,池州府志,田賦篇,1566,1566,池州府,117.481834,30.654661,池州府志_田賦篇,,俸廪官吏師生;鈔,,貫,八千一百九十六,,,,本府,,,,
186,16684,5226126,池州府志,田賦篇,1566,1566,池州府,117.481834,30.654661,池州府志_田賦篇,,俸廪官吏師生;米,,石,四百五十三,,,,青陽,,,,
187,16684,5226126,池州府志,田賦篇,1566,1566,池州府,117.481834,30.654661,池州府志_田賦篇,,俸廪官吏師生;鈔,,貫,一千八百三十六,,,,青陽,,,,
188,16684,5226126,池州府志,田賦篇,1566,1566,池州府,117.481834,30.654661,池州府志_田賦篇,,俸廪官吏師生;米,,斗,四百八十四二,,,,銅陵,,,,
189,16684,5226126,池州府志,田賦篇,1566,1566,池州府,117.481834,30.654661,池州府志_田賦篇,,俸廪官吏師生;鈔,,貫,四千三百三十二,,,,銅陵,,,,
190,16684,5226126,池州府志,田賦篇,1566,1566,池州府,117.481834,30.654661,池州府志_田賦篇,,俸廪官吏師生;米,,石,四百一十七,,,,石埭,,,,
191,16684,5226126,池州府志,田賦篇,1566,1566,池州府,117.481834,30.654661,池州府志_田賦篇,,俸廪官吏師生;鈔,,貫,一千八百三十六,,,,石埭,,,,
192,16684,5226126,池州府志,田賦篇,1566,1566,池州府,117.481834,30.654661,池州府志_田賦篇,,俸廪官吏師生;米,,石,四百三十一,,,二,建德,斗,,,
193,16684,5226126,池州府志,田賦篇,1566,1566,池州府,117.481834,30.654661,池州府志_田賦篇,,俸廪官吏師生;鈔,,貫,二千七百四十八,,,,建德,,,,
194,16684,5226126,池州府志,田賦篇,1566,1566,池州府,117.481834,30.654661,池州府志_田賦篇,,俸廪官吏師生;米,,石,四百七十四,,,二,東流,斗,,,
195,16684,5226126,池州府志,田賦篇,1566,1566,池州府,117.481834,30.654661,池州府志_田賦篇,,俸廪官吏師生;鈔,,貫,四千四十四,,,,東流,,,,
196,16684,5226126,池州府志,田賦篇,1566,1566,池州府,117.481834,30.654661,池州府志_田賦篇,,祭祀,,兩;分,六百二十四;六,,,二,,錢,,,
197,16684,5226126,池州府志,田賦篇,1566,1566,池州府,117.481834,30.654661,池州府志_田賦篇,,祭祀,,兩;分,一百四十九;四,,,八,貴池,錢,,,
198,16684,5226126,池州府志,田賦篇,1566,1566,池州府,117.481834,30.654661,池州府志_田賦篇,,祭祀,,兩;錢,九十三;四,,,八,青陽;建德,分,,,
199,16684,5226126,池州府志,田賦篇,1566,1566,池州府,117.481834,30.654661,池州府志_田賦篇,,祭祀,,兩;分,九十八;八,,,八,銅陵,錢,,,
200,16684,5226126,池州府志,田賦篇,1566,1566,池州府,117.481834,30.654661,池州府志_田賦篇,,祭祀,,兩;分,九十四;八,,,六,石埭,錢,,,
201,16684,5226126,池州府志,田賦篇,1566,1566,池州府,117.481834,30.654661,池州府志_田賦篇,,祭祀,,兩;分,九十三;八,,,八,東流,錢,,,
202,16684,5226126,池州府志,田賦篇,1566,1566,池州府,117.481834,30.654661,池州府志_田賦篇,,祭祀;俱見年里甲出辦,,,,,,,,,,,
203,16684,5226126,池州府志,田賦篇,1566,1566,池州府,117.481834,30.654661,池州府志_田賦篇,,鄕飲,,兩,六十六,,,一,,錢,,,
204,16684,5226126,池州府志,田賦篇,1566,1566,池州府,117.481834,30.654661,池州府志_田賦篇,,鄕飲,,兩,二十五,,,四,貴池,錢,,,
205,16684,5226126,池州府志,田賦篇,1566,1566,池州府,117.481834,30.654661,池州府志_田賦篇,,鄕飲,,兩,九,,,四,青陽;石埭,錢,,,
206,16684,5226126,池州府志,田賦篇,1566,1566,池州府,117.481834,30.654661,池州府志_田賦篇,,鄕飲,,兩,七,,,九,銅陵,錢,,,
207,16684,5226126,池州府志,田賦篇,1566,1566,池州府,117.481834,30.654661,池州府志_田賦篇,,鄕飲,,兩,七,,,四,建德,錢,,,
208,16684,5226126,池州府志,田賦篇,1566,1566,池州府,117.481834,30.654661,池州府志_田賦篇,,鄕飲,,兩,六,,,六,東流,錢,,,
209,16684,5226126,池州府志,田賦篇,1566,1566,池州府,117.481834,30.654661,池州府志_田賦篇,,鄕飲;俱見年里甲出辦,,,,,,,,,,,
210,16684,5226126,池州府志,田賦篇,1566,1566,池州府,117.481834,30.654661,池州府志_田賦篇,,孤老衣布綿花,,兩,五十四,,,,,,,,
211,16684,5226126,池州府志,田賦篇,1566,1566,池州府,117.481834,30.654661,池州府志_田賦篇,,孤老衣布綿花,,兩,二十三,,,,貴池,,,,
212,16684,5226126,池州府志,田賦篇,1566,1566,池州府,117.481834,30.654661,池州府志_田賦篇,,孤老衣布綿花,,兩,八,,,,青陽,,,,
213,16684,5226126,池州府志,田賦篇,1566,1566,池州府,117.481834,30.654661,池州府志_田賦篇,,孤老衣布綿花,,兩,三,,,,銅陵,,,,
214,16684,5226126,池州府志,田賦篇,1566,1566,池州府,117.481834,30.654661,池州府志_田賦篇,,孤老衣布綿花,,兩,一十五,,,,石埭,,,,
215,16684,5226126,池州府志,田賦篇,1566,1566,池州府,117.481834,30.654661,池州府志_田賦篇,,孤老衣布綿花,,兩,三,,,,建德,,,,
216,16684,5226126,池州府志,田賦篇,1566,1566,池州府,117.481834,30.654661,池州府志_田賦篇,,孤老衣布綿花,,兩,二,,,,東流,,,,
217,16684,5226126,池州府志,田賦篇,1566,1566,池州府,117.481834,30.654661,池州府志_田賦篇,,孤老衣布綿花;俱於各縣贜罰内動支,,,,,,,,,,,
218,16684,5226126,池州府志,田賦篇,1566,1566,池州府,117.481834,30.654661,池州府志_田賦篇,,柴薪;每名則銀,,兩,一十二,,,,,,,,
219,16684,5226126,池州府志,田賦篇,1566,1566,池州府,117.481834,30.654661,池州府志_田賦篇,,柴薪;閠月加,,兩,一,,,,,,,,
220,16684,5226126,池州府志,田賦篇,1566,1566,池州府,117.481834,30.654661,池州府志_田賦篇,,柴薪,,名,四十四,,,,南京各部,,,,
221,16684,5226126,池州府志,田賦篇,1566,1566,池州府,117.481834,30.654661,池州府志_田賦篇,,柴薪,,名,二十九,,,,南京各部;青陽,,,,
222,16684,5226126,池州府志,田賦篇,1566,1566,池州府,117.481834,30.654661,池州府志_田賦篇,,柴薪,,名,一十五,,,,南京各部;石埭,,,,
223,16684,5226126,池州府志,田賦篇,1566,1566,池州府,117.481834,30.654661,池州府志_田賦篇,,柴薪,,名,二十四,,,,本府,,,,
224,16684,5226126,池州府志,田賦篇,1566,1566,池州府,117.481834,30.654661,池州府志_田賦篇,,柴薪;知府,,名,六,,,,本府,,,,
225,16684,5226126,池州府志,田賦篇,1566,1566,池州府,117.481834,30.654661,池州府志_田賦篇,,柴薪;同知通判各,,名,四,,,,本府,,,,
226,16684,5226126,池州府志,田賦篇,1566,1566,池州府,117.481834,30.654661,池州府志_田賦篇,,柴薪;推官,,名,二,,,,本府,,,,
227,16684,5226126,池州府志,田賦篇,1566,1566,池州府,117.481834,30.654661,池州府志_田賦篇,,柴薪;經歷知事照磨司獄亦各,,名,二,,,,本府,,,,
228,16684,5226126,池州府志,田賦篇,1566,1566,池州府,117.481834,30.654661,池州府志_田賦篇,,柴薪,,名,三,,,,貴池,,,,
229,16684,5226126,池州府志,田賦篇,1566,1566,池州府,117.481834,30.654661,池州府志_田賦篇,,柴薪,,名,二十,,,,建德,,,,
230,16684,5226126,池州府志,田賦篇,1566,1566,池州府,117.481834,30.654661,池州府志_田賦篇,,柴薪,,名,三十六,,,,六縣,,,,
231,16684,5226126,池州府志,田賦篇,1566,1566,池州府,117.481834,30.654661,池州府志_田賦篇,,柴薪;知縣,,名,四,,,,六縣,,,,
232,16684,5226126,池州府志,田賦篇,1566,1566,池州府,117.481834,30.654661,池州府志_田賦篇,,柴薪;縣丞,,名,二,,,,六縣,,,,
233,16684,5226126,池州府志,田賦篇,1566,1566,池州府,117.481834,30.654661,池州府志_田賦篇,,柴薪;主簿,,名,二,,,,六縣,,,,
234,16684,5226126,池州府志,田賦篇,1566,1566,池州府,117.481834,30.654661,池州府志_田賦篇,,柴薪;典史,,名,一,,,,六縣,,,,
235,16684,5226126,池州府志,田賦篇,1566,1566,池州府,117.481834,30.654661,池州府志_田賦篇,,柴薪,,名,九,,,,貴池,,,,
236,16684,5226126,池州府志,田賦篇,1566,1566,池州府,117.481834,30.654661,池州府志_田賦篇,,柴薪,,名,七,,,,銅陵,,,,
237,16684,5226126,池州府志,田賦篇,1566,1566,池州府,117.481834,30.654661,池州府志_田賦篇,,柴薪,,名,五,,,,餘縣,,,,
238,16684,5226126,池州府志,田賦篇,1566,1566,池州府,117.481834,30.654661,池州府志_田賦篇,,馬夫,,,,,,,,,,,
239,16684,5226126,池州府志,田賦篇,1566,1566,池州府,117.481834,30.654661,池州府志_田賦篇,,馬夫;每名則銀,,兩,四,,,,,,,,
240,16684,5226126,池州府志,田賦篇,1566,1566,池州府,117.481834,30.654661,池州府志_田賦篇,,馬夫,,名,七十,,,,本府,,,,
241,16684,5226126,池州府志,田賦篇,1566,1566,池州府,117.481834,30.654661,池州府志_田賦篇,,馬夫;知府同知通判推官經歴知事照磨各,,名,十,,,,,,,,
242,16684,5226126,池州府志,田賦篇,1566,1566,池州府,117.481834,30.654661,池州府志_田賦篇,,馬夫,,名,四十六,,,,貴池,,,,
243,16684,5226126,池州府志,田賦篇,1566,1566,池州府,117.481834,30.654661,池州府志_田賦篇,,馬夫,,名,一十八,,,,青陽,,,,
244,16684,5226126,池州府志,田賦篇,1566,1566,池州府,117.481834,30.654661,池州府志_田賦篇,,馬夫,,名,六,,,,銅陵,,,,
245,16684,5226126,池州府志,田賦篇,1566,1566,池州府,117.481834,30.654661,池州府志_田賦篇,,馬夫,,名,一百五十,,,,六縣,,,,
246,16684,5226126,池州府志,田賦篇,1566,1566,池州府,117.481834,30.654661,池州府志_田賦篇,,馬夫,,名,四十,,,,貴池,,,,
247,16684,5226126,池州府志,田賦篇,1566,1566,池州府,117.481834,30.654661,池州府志_田賦篇,,馬夫,,名,三十,,,,銅陵,,,,
248,16684,5226126,池州府志,田賦篇,1566,1566,池州府,117.481834,30.654661,池州府志_田賦篇,,馬夫,,名,二十,,,,青陽;石埭;建德;東流,,,,
249,16684,5226126,池州府志,田賦篇,1566,1566,池州府,117.481834,30.654661,池州府志_田賦篇,,齋夫;每名則銀,,兩,一十二,,,,,,,,
250,16684,5226126,池州府志,田賦篇,1566,1566,池州府,117.481834,30.654661,池州府志_田賦篇,,齋夫;閠月加,,兩,一,,,,,,,,
251,16684,5226126,池州府志,田賦篇,1566,1566,池州府,117.481834,30.654661,池州府志_田賦篇,,齋夫;儒學,,名,一十,,,,本府,,,,
252,16684,5226126,池州府志,田賦篇,1566,1566,池州府,117.481834,30.654661,池州府志_田賦篇,,齋夫,,名,二,,,,貴池,,,,
253,16684,5226126,池州府志,田賦篇,1566,1566,池州府,117.481834,30.654661,池州府志_田賦篇,,齋夫,,名,四,,,,青陽;石埭,,,,
254,16684,5226126,池州府志,田賦篇,1566,1566,池州府,117.481834,30.654661,池州府志_田賦篇,,齋夫;儒學,,名,三十四,,,,六縣,,,,
255,16684,5226126,池州府志,田賦篇,1566,1566,池州府,117.481834,30.654661,池州府志_田賦篇,,齋夫,,名,四,,,,銅陵,,,,
256,16684,5226126,池州府志,田賦篇,1566,1566,池州府,117.481834,30.654661,池州府志_田賦篇,,齋夫,,名,六,,,,餘縣,,,,
257,16684,5226126,池州府志,田賦篇,1566,1566,池州府,117.481834,30.654661,池州府志_田賦篇,,膳夫;每名則銀,,兩,二十二,,,五,,錢,,,
258,16684,5226126,池州府志,田賦篇,1566,1566,池州府,117.481834,30.654661,池州府志_田賦篇,,膳夫;閠月加,,兩;分,一;七,,,八,,錢,,,
259,16684,5226126,池州府志,田賦篇,1566,1566,池州府,117.481834,30.654661,池州府志_田賦篇,,膳夫;儒學,,名,四,,,,本府,,,,
260,16684,5226126,池州府志,田賦篇,1566,1566,池州府,117.481834,30.654661,池州府志_田賦篇,,膳夫,,名,一,,,,貴池;青陽;銅陵,,,,
261,16684,5226126,池州府志,田賦篇,1566,1566,池州府,117.481834,30.654661,池州府志_田賦篇,,膳夫,,名,一,,,,石埭;建德,,,,
262,16684,5226126,池州府志,田賦篇,1566,1566,池州府,117.481834,30.654661,池州府志_田賦篇,,膳夫;儒學,,名,二,,,,六縣,,,,
263,16684,5226126,池州府志,田賦篇,1566,1566,池州府,117.481834,30.654661,池州府志_田賦篇,,門子;儒學,,名,十,,,,府,,,,
264,16684,5226126,池州府志,田賦篇,1566,1566,池州府,117.481834,30.654661,池州府志_田賦篇,,門子;每名則銀,,兩,五,,,,,,,,
265,16684,5226126,池州府志,田賦篇,1566,1566,池州府,117.481834,30.654661,池州府志_田賦篇,,門子,,名,四,,,,貴池,,,,
266,16684,5226126,池州府志,田賦篇,1566,1566,池州府,117.481834,30.654661,池州府志_田賦篇,,門子,,名,二,,,,青陽,,,,
267,16684,5226126,池州府志,田賦篇,1566,1566,池州府,117.481834,30.654661,池州府志_田賦篇,,門子,,名,三,,,,石埭,,,,
268,16684,5226126,池州府志,田賦篇,1566,1566,池州府,117.481834,30.654661,池州府志_田賦篇,,門子,,名,一,,,,建德,,,,
269,16684,5226126,池州府志,田賦篇,1566,1566,池州府,117.481834,30.654661,池州府志_田賦篇,,先師廟啓聖祠,,名,一,,,,,,,,
270,16684,5226126,池州府志,田賦篇,1566,1566,池州府,117.481834,30.654661,池州府志_田賦篇,,先師廟啓聖祠;每名則銀,,兩,四,,,,青陽,,,,
271,16684,5226126,池州府志,田賦篇,1566,1566,池州府,117.481834,30.654661,池州府志_田賦篇,,射圃亭,,名,一,,,,,,,,
272,16684,5226126,池州府志,田賦篇,1566,1566,池州府,117.481834,30.654661,池州府志_田賦篇,,射圃亭,,兩,四,,,,貴池,,,,
273,16684,5226126,池州府志,田賦篇,1566,1566,池州府,117.481834,30.654661,池州府志_田賦篇,,縣儒學先師廟,,名,一,,,,,,,,
274,16684,5226126,池州府志,田賦篇,1566,1566,池州府,117.481834,30.654661,池州府志_田賦篇,,縣儒學先師廟;每名則銀,,兩,二,,,,,,,,
275,16684,5226126,池州府志,田賦篇,1566,1566,池州府,117.481834,30.654661,池州府志_田賦篇,,縣儒學先師廟;俱本縣編縣儒學候官者,,名,三十四,,,,,,,,
276,16684,5226126,池州府志,田賦篇,1566,1566,池州府,117.481834,30.654661,池州府志_田賦篇,,縣儒學先師廟;每名則銀,,兩,五,,,,,,,,
277,16684,5226126,池州府志,田賦篇,1566,1566,池州府,117.481834,30.654661,池州府志_田賦篇,,縣儒學先師廟,,名,四,,,,銅陵,,,,
278,16684,5226126,池州府志,田賦篇,1566,1566,池州府,117.481834,30.654661,池州府志_田賦篇,,縣儒學先師廟,,名,六,,,,餘縣,,,,
279,16684,5226126,池州府志,田賦篇,1566,1566,池州府,117.481834,30.654661,池州府志_田賦篇,,庫子,,,,,,,,,,,
280,16684,5226126,池州府志,田賦篇,1566,1566,池州府,117.481834,30.654661,池州府志_田賦篇,,庫子;本府儒學司噐,,名,二,,,,,,,,
281,16684,5226126,池州府志,田賦篇,1566,1566,池州府,117.481834,30.654661,池州府志_田賦篇,,庫子;每名,,兩,五,,,,貴池;銅陵,,,,
282,16684,5226126,池州府志,田賦篇,1566,1566,池州府,117.481834,30.654661,池州府志_田賦篇,,庫子,,名,一,,,,六縣,,,,
283,16684,5226126,池州府志,田賦篇,1566,1566,池州府,117.481834,30.654661,池州府志_田賦篇,,皁,,,,,,,,,,,
284,16684,5226126,池州府志,田賦篇,1566,1566,池州府,117.481834,30.654661,池州府志_田賦篇,,皁;南京各部値堂,,,,,,,,,,,
285,16684,5226126,池州府志,田賦篇,1566,1566,池州府,117.481834,30.654661,池州府志_田賦篇,,皁;南京各部値堂;每名則銀,,,,,,,,,,,
286,16684,5226126,池州府志,田賦篇,1566,1566,池州府,117.481834,30.654661,池州府志_田賦篇,,皁;南京各部値堂,,名,九,,,,青陽,,,,
287,16684,5226126,池州府志,田賦篇,1566,1566,池州府,117.481834,30.654661,池州府志_田賦篇,,皁;南京各部値堂,,名,六,,,,石埭,,,,
288,16684,5226126,池州府志,田賦篇,1566,1566,池州府,117.481834,30.654661,池州府志_田賦篇,,皁;南京兵部雇役,,名,三,,,,,,,,
289,16684,5226126,池州府志,田賦篇,1566,1566,池州府,117.481834,30.654661,池州府志_田賦篇,,皁;南京兵部雇役;每名則銀,,兩,一十,,,,石埭,,,,
290,16684,5226126,池州府志,田賦篇,1566,1566,池州府,117.481834,30.654661,池州府志_田賦篇,,皁;蕪湖厰,,名;名,二,,,,,,,,
291,16684,5226126,池州府志,田賦篇,1566,1566,池州府,117.481834,30.654661,池州府志_田賦篇,,皁;蕪湖厰;則銀,,兩;錢,三;五,,,,,,,,
292,16684,5226126,池州府志,田賦篇,1566,1566,池州府,117.481834,30.654661,池州府志_田賦篇,,皁;蕪湖厰,,斗,,,,,貴池,,,,
293,16684,5226126,池州府志,田賦篇,1566,1566,池州府,117.481834,30.654661,池州府志_田賦篇,,皁;本府儒學,,名,二,,,,,,,,
294,16684,5226126,池州府志,田賦篇,1566,1566,池州府,117.481834,30.654661,池州府志_田賦篇,,皁;本府儒學;每名則銀,,兩,五,,,,,,,,
295,16684,5226126,池州府志,田賦篇,1566,1566,池州府,117.481834,30.654661,池州府志_田賦篇,,皁;本府儒學,,,,,,,青陽,,,,
296,16684,5226126,池州府志,田賦篇,1566,1566,池州府,117.481834,30.654661,池州府志_田賦篇,,皁;本府儒學,,名,一,,,,銅陵;六縣,,,,
297,16684,5226126,池州府志,田賦篇,1566,1566,池州府,117.481834,30.654661,池州府志_田賦篇,,厰夫蕪湖厰,,,,,,,,,,,
298,16684,5226126,池州府志,田賦篇,1566,1566,池州府,117.481834,30.654661,池州府志_田賦篇,,厰夫蕪湖厰;船夫,,名,二,,,,,,,,
299,16684,5226126,池州府志,田賦篇,1566,1566,池州府,117.481834,30.654661,池州府志_田賦篇,,厰夫蕪湖厰;散夫,,名,五,,,,,,,,
300,16684,5226126,池州府志,田賦篇,1566,1566,池州府,117.481834,30.654661,池州府志_田賦篇,,厰夫蕪湖厰;共,,名,七,,,,,,,,
301,16684,5226126,池州府志,田賦篇,1566,1566,池州府,117.481834,30.654661,池州府志_田賦篇,,厰夫蕪湖厰;每名則銀,,兩,三,,,,貴池,,,,
302,16684,5226126,池州府志,田賦篇,1566,1566,池州府,117.481834,30.654661,池州府志_田賦篇,,厰夫蕪湖厰;夫銀,,兩,四百,,,,,,,,
303,16684,5226126,池州府志,田賦篇,1566,1566,池州府,117.481834,30.654661,池州府志_田賦篇,,邊江快馬船夫需,,,,,,,,,,,
304,16684,5226126,池州府志,田賦篇,1566,1566,池州府,117.481834,30.654661,池州府志_田賦篇,,邊江快馬船夫需,,兩,二百,,,,貴池,,,,
305,16684,5226126,池州府志,田賦篇,1566,1566,池州府,117.481834,30.654661,池州府志_田賦篇,,邊江快馬船夫需,,兩,二百,,,,銅陵,,,,
306,16684,5226126,池州府志,田賦篇,1566,1566,池州府,117.481834,30.654661,池州府志_田賦篇,,力差,,名,一千四百一十八,,,,總,,,,
307,16684,5226126,池州府志,田賦篇,1566,1566,池州府,117.481834,30.654661,池州府志_田賦篇,,力差;則銀,,兩,五千四百七十,,,二,,錢,,,
308,16684,5226126,池州府志,田賦篇,1566,1566,池州府,117.481834,30.654661,池州府志_田賦篇,,力差;門子都察院西察院北察院各,,名,二,,,,,,,,
309,16684,5226126,池州府志,田賦篇,1566,1566,池州府,117.481834,30.654661,池州府志_田賦篇,,力差;池口驛送差,,名,四,,,,,,,,
310,16684,5226126,池州府志,田賦篇,1566,1566,池州府,117.481834,30.654661,池州府志_田賦篇,,力差;吴田鋪中舘,,名,一,,,,,,,,
311,16684,5226126,池州府志,田賦篇,1566,1566,池州府,117.481834,30.654661,池州府志_田賦篇,,力差;每名則銀,,兩,二,,,,貴池,,,,
312,16684,5226126,池州府志,田賦篇,1566,1566,池州府,117.481834,30.654661,池州府志_田賦篇,,力差;五縣察院各,,名,二,,,,青陽;銅陵;石埭;建德;東流,,,,
313,16684,5226126,池州府志,田賦篇,1566,1566,池州府,117.481834,30.654661,池州府志_田賦篇,,力差;公舘各,,名,一,,,,,,,,
314,16684,5226126,池州府志,田賦篇,1566,1566,池州府,117.481834,30.654661,池州府志_田賦篇,,力差;每名則銀,,兩,二,,,,,,,,
315,16684,5226126,池州府志,田賦篇,1566,1566,池州府,117.481834,30.654661,池州府志_田賦篇,,力差,,名,一十三,,,,本府,,,,
316,16684,5226126,池州府志,田賦篇,1566,1566,池州府,117.481834,30.654661,池州府志_田賦篇,,力差;每名則銀,,兩,二,,,,,,,,
317,16684,5226126,池州府志,田賦篇,1566,1566,池州府,117.481834,30.654661,池州府志_田賦篇,,力差;知府,,名,四,,,,,,,,
318,16684,5226126,池州府志,田賦篇,1566,1566,池州府,117.481834,30.654661,池州府志_田賦篇,,力差;同知通判推官各,,名,二,,,,,,,,
319,16684,5226126,池州府志,田賦篇,1566,1566,池州府,117.481834,30.654661,池州府志_田賦篇,,力差;經歷知事照磨各,,名,一,,,,,,,,
320,16684,5226126,池州府志,田賦篇,1566,1566,池州府,117.481834,30.654661,池州府志_田賦篇,,力差,,名,四,,,,貴池,,,,
321,16684,5226126,池州府志,田賦篇,1566,1566,池州府,117.481834,30.654661,池州府志_田賦篇,,力差,,名,三,,,,青陽,,,,
322,16684,5226126,池州府志,田賦篇,1566,1566,池州府,117.481834,30.654661,池州府志_田賦篇,,力差,,名,二,,,,銅陵,,,,
323,16684,5226126,池州府志,田賦篇,1566,1566,池州府,117.481834,30.654661,池州府志_田賦篇,,力差,,名,三,,,,石埭,,,,
324,16684,5226126,池州府志,田賦篇,1566,1566,池州府,117.481834,30.654661,池州府志_田賦篇,,力差,,名,一,,,,建德,,,,
325,16684,5226126,池州府志,田賦篇,1566,1566,池州府,117.481834,30.654661,池州府志_田賦篇,,本府山川壇社稷壇厲壇各,,名,一,,,,,,,,
326,16684,5226126,池州府志,田賦篇,1566,1566,池州府,117.481834,30.654661,池州府志_田賦篇,,本府山川壇社稷壇厲壇各;每名則銀,,兩,一,,,,貴池,,,,
327,16684,5226126,池州府志,田賦篇,1566,1566,池州府,117.481834,30.654661,池州府志_田賦篇,,青陽銅陵石埭建德東流山川壇社稷壇厲壇各,,名,一,,,,,,,,
328,16684,5226126,池州府志,田賦篇,1566,1566,池州府,117.481834,30.654661,池州府志_田賦篇,,青陽銅陵石埭建德東流山川壇社稷壇厲壇各;每名則銀,,兩,二,,,,,,,,
329,16684,5226126,池州府志,田賦篇,1566,1566,池州府,117.481834,30.654661,池州府志_田賦篇,,青陽銅陵石埭建德東流山川壇社稷壇厲壇各,,名,二十一,,,,六縣,,,,
330,16684,5226126,池州府志,田賦篇,1566,1566,池州府,117.481834,30.654661,池州府志_田賦篇,,青陽銅陵石埭建德東流山川壇社稷壇厲壇各;每名則銀,,兩,二,,,,,,,,
331,16684,5226126,池州府志,田賦篇,1566,1566,池州府,117.481834,30.654661,池州府志_田賦篇,,知縣,,名,二,,,,,,,,
332,16684,5226126,池州府志,田賦篇,1566,1566,池州府,117.481834,30.654661,池州府志_田賦篇,,縣丞主簿典史各,,名,一,,,,,,,,
333,16684,5226126,池州府志,田賦篇,1566,1566,池州府,117.481834,30.654661,池州府志_田賦篇,,咸寜儀仗庫,,名,十,,,,本府,,,,
334,16684,5226126,池州府志,田賦篇,1566,1566,池州府,117.481834,30.654661,池州府志_田賦篇,,各編,,名,二,,,,貴池;青陽;銅陵;石埭;建德,,,,
335,16684,5226126,池州府志,田賦篇,1566,1566,池州府,117.481834,30.654661,池州府志_田賦篇,,六縣耳房庫各,,名,一,,,,,,,,
336,16684,5226126,池州府志,田賦篇,1566,1566,池州府,117.481834,30.654661,池州府志_田賦篇,,皁,,,,,,,,,,,
337,16684,5226126,池州府志,田賦篇,1566,1566,池州府,117.481834,30.654661,池州府志_田賦篇,,皁,,名,六十四,,,,本府,,,,
338,16684,5226126,池州府志,田賦篇,1566,1566,池州府,117.481834,30.654661,池州府志_田賦篇,,皁;每名則銀,,兩,三,,,,,,,,
339,16684,5226126,池州府志,田賦篇,1566,1566,池州府,117.481834,30.654661,池州府志_田賦篇,,皁,,名,一十七,,,,貴池,,,,
340,16684,5226126,池州府志,田賦篇,1566,1566,池州府,117.481834,30.654661,池州府志_田賦篇,,皁,,名,一十六,,,,青陽,,,,
341,16684,5226126,池州府志,田賦篇,1566,1566,池州府,117.481834,30.654661,池州府志_田賦篇,,皁,,名,六,,,,銅陵,,,,
342,16684,5226126,池州府志,田賦篇,1566,1566,池州府,117.481834,30.654661,池州府志_田賦篇,,皁,,名,一十五,,,,石埭,,,,
343,16684,5226126,池州府志,田賦篇,1566,1566,池州府,117.481834,30.654661,池州府志_田賦篇,,皁,,名,一十,,,,建德,,,,
344,16684,5226126,池州府志,田賦篇,1566,1566,池州府,117.481834,30.654661,池州府志_田賦篇,,皁;共,,名,一百三十二,,,,六縣,,,,
345,16684,5226126,池州府志,田賦篇,1566,1566,池州府,117.481834,30.654661,池州府志_田賦篇,,皁;每名則銀,,兩,三,,,,,,,,
346,16684,5226126,池州府志,田賦篇,1566,1566,池州府,117.481834,30.654661,池州府志_田賦篇,,皁,,名,三十四,,,,貴池,,,,
347,16684,5226126,池州府志,田賦篇,1566,1566,池州府,117.481834,30.654661,池州府志_田賦篇,,皁,,名,二十六,,,,銅陵,,,,
348,16684,5226126,池州府志,田賦篇,1566,1566,池州府,117.481834,30.654661,池州府志_田賦篇,,皁,,名,一十八,,,,餘縣,,,,
349,16684,5226126,池州府志,田賦篇,1566,1566,池州府,117.481834,30.654661,池州府志_田賦篇,,夫皁,,名,三十,,,,,,,,
350,16684,5226126,池州府志,田賦篇,1566,1566,池州府,117.481834,30.654661,池州府志_田賦篇,,夫皁;每名則銀,,兩,三,,,,貴池,,,,
351,16684,5226126,池州府志,田賦篇,1566,1566,池州府,117.481834,30.654661,池州府志_田賦篇,,禁子,,名,一十五,,,,府,,,,
352,16684,5226126,池州府志,田賦篇,1566,1566,池州府,117.481834,30.654661,池州府志_田賦篇,,禁子;每名則銀,,兩,七,,,二,,錢,,,
353,16684,5226126,池州府志,田賦篇,1566,1566,池州府,117.481834,30.654661,池州府志_田賦篇,,禁子,,名,五,,,,貴池,,,,
354,16684,5226126,池州府志,田賦篇,1566,1566,池州府,117.481834,30.654661,池州府志_田賦篇,,禁子,,名,七,,,,青陽,,,,
355,16684,5226126,池州府志,田賦篇,1566,1566,池州府,117.481834,30.654661,池州府志_田賦篇,,禁子,,名,二,,,,石埭,,,,
356,16684,5226126,池州府志,田賦篇,1566,1566,池州府,117.481834,30.654661,池州府志_田賦篇,,禁子,,名,一,,,,建德,,,,
357,16684,5226126,池州府志,田賦篇,1566,1566,池州府,117.481834,30.654661,池州府志_田賦篇,,禁子;縣共,,名,三十二,,,,,,,,
358,16684,5226126,池州府志,田賦篇,1566,1566,池州府,117.481834,30.654661,池州府志_田賦篇,,禁子;每名則銀,,兩,五,,,,,,,,
359,16684,5226126,池州府志,田賦篇,1566,1566,池州府,117.481834,30.654661,池州府志_田賦篇,,禁子,,名,七,,,,貴池,,,,
360,16684,5226126,池州府志,田賦篇,1566,1566,池州府,117.481834,30.654661,池州府志_田賦篇,,禁子,,名,五,,,,銅陵,,,,
361,16684,5226126,池州府志,田賦篇,1566,1566,池州府,117.481834,30.654661,池州府志_田賦篇,,禁子,,名,六,,,,青陽;建德,,,,
362,16684,5226126,池州府志,田賦篇,1566,1566,池州府,117.481834,30.654661,池州府志_田賦篇,,禁子,,名,四,,,,石埭;東流,,,,
363,16684,5226126,池州府志,田賦篇,1566,1566,池州府,117.481834,30.654661,池州府志_田賦篇,,斗級本府預備倉,,名,四,,,,,,,,
364,16684,5226126,池州府志,田賦篇,1566,1566,池州府,117.481834,30.654661,池州府志_田賦篇,,斗級本府預備倉;每名則銀,,兩,二十六,,,四,,錢,,,
365,16684,5226126,池州府志,田賦篇,1566,1566,池州府,117.481834,30.654661,池州府志_田賦篇,,斗級本府預備倉,,名,二,,,,貴池,,,,
366,16684,5226126,池州府志,田賦篇,1566,1566,池州府,117.481834,30.654661,池州府志_田賦篇,,斗級本府預備倉,,名,一,,,,青陽;銅陵,,,,
367,16684,5226126,池州府志,田賦篇,1566,1566,池州府,117.481834,30.654661,池州府志_田賦篇,,本府豐濟倉,,名,一,,,,,,,,
368,16684,5226126,池州府志,田賦篇,1566,1566,池州府,117.481834,30.654661,池州府志_田賦篇,,本府豐濟倉;則銀,,兩,五,,,,青陽,,,,
369,16684,5226126,池州府志,田賦篇,1566,1566,池州府,117.481834,30.654661,池州府志_田賦篇,,六縣預備倉各,,名,一,,,,,,,,
370,16684,5226126,池州府志,田賦篇,1566,1566,池州府,117.481834,30.654661,池州府志_田賦篇,,六縣預備倉各;每名則銀,,兩;錢,一十;二,,,,,,,,
371,16684,5226126,池州府志,田賦篇,1566,1566,池州府,117.481834,30.654661,池州府志_田賦篇,,建德縣便民倉,,名,一,,,,,,,,
372,16684,5226126,池州府志,田賦篇,1566,1566,池州府,117.481834,30.654661,池州府志_田賦篇,,建德縣便民倉;則銀,,兩,二,,,,,,,,
373,16684,5226126,池州府志,田賦篇,1566,1566,池州府,117.481834,30.654661,池州府志_田賦篇,,舘夫驛,,名,六,,,,,,,,
374,16684,5226126,池州府志,田賦篇,1566,1566,池州府,117.481834,30.654661,池州府志_田賦篇,,舘夫驛;每名則銀,,兩,七,,,二,,錢,,,
375,16684,5226126,池州府志,田賦篇,1566,1566,池州府,117.481834,30.654661,池州府志_田賦篇,,舘夫驛;池口驛,,名,二,,,,貴池,,,,
376,16684,5226126,池州府志,田賦篇,1566,1566,池州府,117.481834,30.654661,池州府志_田賦篇,,舘夫驛;李陽河驛,,名,二,,,,李陽河;李陽河,,,,
377,16684,5226126,池州府志,田賦篇,1566,1566,池州府,117.481834,30.654661,池州府志_田賦篇,,舘夫驛;李陽河驛,,名,一,,,,李陽河;青陽;建德,,,,
378,16684,5226126,池州府志,田賦篇,1566,1566,池州府,117.481834,30.654661,池州府志_田賦篇,,舘夫驛;大通驛,,名,二,,,,,,,,
379,16684,5226126,池州府志,田賦篇,1566,1566,池州府,117.481834,30.654661,池州府志_田賦篇,,舘夫驛;鋪司,,名,七十一,,,,六縣,,,,
380,16684,5226126,池州府志,田賦篇,1566,1566,池州府,117.481834,30.654661,池州府志_田賦篇,,舘夫驛;鋪司;每名則銀,,兩,三,,,,,,,,
381,16684,5226126,池州府志,田賦篇,1566,1566,池州府,117.481834,30.654661,池州府志_田賦篇,,舘夫驛;鋪司,,名,二十二,,,,貴池,,,,
382,16684,5226126,池州府志,田賦篇,1566,1566,池州府,117.481834,30.654661,池州府志_田賦篇,,舘夫驛;鋪司,,名,一十九,,,,青陽,,,,
383,16684,5226126,池州府志,田賦篇,1566,1566,池州府,117.481834,30.654661,池州府志_田賦篇,,舘夫驛;鋪司,,名,五,,,,銅陵,,,,
384,16684,5226126,池州府志,田賦篇,1566,1566,池州府,117.481834,30.654661,池州府志_田賦篇,,舘夫驛;鋪司,,名,四,,,,石埭,,,,
385,16684,5226126,池州府志,田賦篇,1566,1566,池州府,117.481834,30.654661,池州府志_田賦篇,,舘夫驛;鋪司,,名,一十五,,,,建德,,,,
386,16684,5226126,池州府志,田賦篇,1566,1566,池州府,117.481834,30.654661,池州府志_田賦篇,,舘夫驛;鋪司,,名,六,,,,東流,,,,
387,16684,5226126,池州府志,田賦篇,1566,1566,池州府,117.481834,30.654661,池州府志_田賦篇,,鋪兵,,名,一百八十,,,,六縣,,,,
388,16684,5226126,池州府志,田賦篇,1566,1566,池州府,117.481834,30.654661,池州府志_田賦篇,,鋪兵;每名則銀,,兩,四,,,,,,,,
389,16684,5226126,池州府志,田賦篇,1566,1566,池州府,117.481834,30.654661,池州府志_田賦篇,,鋪兵,,名,六十六,,,,貴池,,,,
390,16684,5226126,池州府志,田賦篇,1566,1566,池州府,117.481834,30.654661,池州府志_田賦篇,,鋪兵,,名,四十九,,,,青陽,,,,
391,16684,5226126,池州府志,田賦篇,1566,1566,池州府,117.481834,30.654661,池州府志_田賦篇,,鋪兵,,名,一十一,,,,銅陵,,,,
392,16684,5226126,池州府志,田賦篇,1566,1566,池州府,117.481834,30.654661,池州府志_田賦篇,,鋪兵,,名,九,,,,石埭,,,,
393,16684,5226126,池州府志,田賦篇,1566,1566,池州府,117.481834,30.654661,池州府志_田賦篇,,鋪兵,,名,三十一,,,,建德,,,,
394,16684,5226126,池州府志,田賦篇,1566,1566,池州府,117.481834,30.654661,池州府志_田賦篇,,鋪兵,,名,一十四,,,,東流,,,,
395,16684,5226126,池州府志,田賦篇,1566,1566,池州府,117.481834,30.654661,池州府志_田賦篇,,大通,,名,五十八,,,,,,,,
396,16684,5226126,池州府志,田賦篇,1566,1566,池州府,117.481834,30.654661,池州府志_田賦篇,,大通;每名則銀,,兩,五,,,,銅陵,,,,
397,16684,5226126,池州府志,田賦篇,1566,1566,池州府,117.481834,30.654661,池州府志_田賦篇,,池口,,名,五十二,,,,,,,,
398,16684,5226126,池州府志,田賦篇,1566,1566,池州府,117.481834,30.654661,池州府志_田賦篇,,池口;每名則銀,,兩,五,,,,青陽,,,,
399,16684,5226126,池州府志,田賦篇,1566,1566,池州府,117.481834,30.654661,池州府志_田賦篇,,每名則銀,,兩,五,,,,李陽河;貴池,,,,
400,16684,5226126,池州府志,田賦篇,1566,1566,池州府,117.481834,30.654661,池州府志_田賦篇,,吉陽,,名,四十,,,,,,,,
401,16684,5226126,池州府志,田賦篇,1566,1566,池州府,117.481834,30.654661,池州府志_田賦篇,,吉陽;每名則銀,,兩,五,,,,東流,,,,
402,16684,5226126,池州府志,田賦篇,1566,1566,池州府,117.481834,30.654661,池州府志_田賦篇,,永豐鎭,,名,五十,,,,,,,,
403,16684,5226126,池州府志,田賦篇,1566,1566,池州府,117.481834,30.654661,池州府志_田賦篇,,永豐鎭;每名則銀,,兩,三,,,六,建德,錢,,,
404,16684,5226126,池州府志,田賦篇,1566,1566,池州府,117.481834,30.654661,池州府志_田賦篇,,長夫各縣,,名,四百九十,,,,,,,,
405,16684,5226126,池州府志,田賦篇,1566,1566,池州府,117.481834,30.654661,池州府志_田賦篇,,長夫各縣;每名則銀,,兩,三,,,六,,錢,,,
406,16684,5226126,池州府志,田賦篇,1566,1566,池州府,117.481834,30.654661,池州府志_田賦篇,,長夫各縣,,名,二百五十,,,,貴池,,,,
407,16684,5226126,池州府志,田賦篇,1566,1566,池州府,117.481834,30.654661,池州府志_田賦篇,,長夫各縣,,名,一百六十,,,,銅陵,,,,
408,16684,5226126,池州府志,田賦篇,1566,1566,池州府,117.481834,30.654661,池州府志_田賦篇,,長夫各縣,,名,八十,,,,青陽,,,,
409,16684,5226126,池州府志,田賦篇,1566,1566,池州府,117.481834,30.654661,池州府志_田賦篇,,渡夫,,名,四,,,,,,,,
410,16684,5226126,池州府志,田賦篇,1566,1566,池州府,117.481834,30.654661,池州府志_田賦篇,,渡夫;每名則銀,,兩,一,,,,,,,,
411,16684,5226126,池州府志,田賦篇,1566,1566,池州府,117.481834,30.654661,池州府志_田賦篇,,渡夫;白靣渡,,名,一,,,,貴池,,,,
412,16684,5226126,池州府志,田賦篇,1566,1566,池州府,117.481834,30.654661,池州府志_田賦篇,,渡夫;栢山渡,,名,一,,,,石埭,,,,
413,16684,5226126,池州府志,田賦篇,1566,1566,池州府,117.481834,30.654661,池州府志_田賦篇,,渡夫;饒城渡,,名,一,,,,建德,,,,
414,16684,5226126,池州府志,田賦篇,1566,1566,池州府,117.481834,30.654661,池州府志_田賦篇,,渡夫;石潭渡,,名,一,,,,東流,,,,
415,16684,5226126,池州府志,田賦篇,1566,1566,池州府,117.481834,30.654661,池州府志_田賦篇,,屯田,,,,,,,總,,,,
416,16684,5226126,池州府志,田賦篇,1566,1566,池州府,117.481834,30.654661,池州府志_田賦篇,,屯田,,,,,,,貴池;安慶衞,,,,
417,16684,5226126,池州府志,田賦篇,1566,1566,池州府,117.481834,30.654661,池州府志_田賦篇,,屯田,,,,,,,青陽;新安衞,,,,
418,16684,5226126,池州府志,田賦篇,1566,1566,池州府,117.481834,30.654661,池州府志_田賦篇,,屯田,,,,,,,銅陵;建陽衞,,,,
419,16684,5226126,池州府志,田賦篇,1566,1566,池州府,117.481834,30.654661,池州府志_田賦篇,,屯田,,,,,,,石埭;新安衞,,,,
420,16684,5226126,池州府志,田賦篇,1566,1566,池州府,117.481834,30.654661,池州府志_田賦篇,,屯田,,,,,,,建德;南昌衞;饒州撫州二所,,,,
421,16684,5226126,池州府志,田賦篇,1566,1566,池州府,117.481834,30.654661,池州府志_田賦篇,,屯田,,,,,,,東流;安慶;南昌二衞,,,,
422,16684,5226126,池州府志,田賦篇,1566,1566,池州府,117.481834,30.654661,池州府志_田賦篇,,民兵,,,,,,,,,,,
423,16684,5226126,池州府志,田賦篇,1566,1566,池州府,117.481834,30.654661,池州府志_田賦篇,,民兵;人工食銀,,兩,七,,,二,,錢,,,
424,16684,5226126,池州府志,田賦篇,1566,1566,池州府,117.481834,30.654661,池州府志_田賦篇,,民兵;每十年丁田内輪人,,丁,一,,,,,,,,
425,16684,5226126,池州府志,田賦篇,1566,1566,池州府,117.481834,30.654661,池州府志_田賦篇,,民兵;出銀,,分,八,,,,,,,,
426,16684,5226126,池州府志,田賦篇,1566,1566,池州府,117.481834,30.654661,池州府志_田賦篇,,民兵;田十畞如之,,,,,,,,,,,
427,16684,5226126,池州府志,田賦篇,1566,1566,池州府,117.481834,30.654661,池州府志_田賦篇,,民兵,,,,,,,貴池,,,,
428,16684,5226126,池州府志,田賦篇,1566,1566,池州府,117.481834,30.654661,池州府志_田賦篇,,民兵,,,,,,,銅陵,,,,
429,16684,5226126,池州府志,田賦篇,1566,1566,池州府,117.481834,30.654661,池州府志_田賦篇,,民兵,,,,,,,石埭,,,,
430,16684,5226126,池州府志,田賦篇,1566,1566,池州府,117.481834,30.654661,池州府志_田賦篇,,民兵,,,,,,,建德,,,,
431,16684,5226126,池州府志,田賦篇,1566,1566,池州府,117.481834,30.654661,池州府志_田賦篇,,民兵,,,,,,,東流,,,,
432,16684,5226126,池州府志,田賦篇,1566,1566,池州府,117.481834,30.654661,池州府志_田賦篇,,驛傳船,,,七十四,,,,,,,,
433,16684,5226126,池州府志,田賦篇,1566,1566,池州府,117.481834,30.654661,池州府志_田賦篇,,驛傳船;大通逓運所,,,,,,,,,,,
434,16684,5226126,池州府志,田賦篇,1566,1566,池州府,117.481834,30.654661,池州府志_田賦篇,,驛傳船;大通逓運所;馬船,,,四,,,,,,,,
435,16684,5226126,池州府志,田賦篇,1566,1566,池州府,117.481834,30.654661,池州府志_田賦篇,,驛傳船;大通逓運所;馬船,,,一,,,,貴池,,,,
436,16684,5226126,池州府志,田賦篇,1566,1566,池州府,117.481834,30.654661,池州府志_田賦篇,,驛傳船;大通逓運所;馬船,,,二,,,,徽州府,,,,
437,16684,5226126,池州府志,田賦篇,1566,1566,池州府,117.481834,30.654661,池州府志_田賦篇,,驛傳船;大通逓運所;馬船,,,一,,,,寧國府,,,,
438,16684,5226126,池州府志,田賦篇,1566,1566,池州府,117.481834,30.654661,池州府志_田賦篇,,驛傳船;大通逓運所;座船,,,一十七,,,,,,,,
439,16684,5226126,池州府志,田賦篇,1566,1566,池州府,117.481834,30.654661,池州府志_田賦篇,,驛傳船;大通逓運所;座船,,,三,,,,貴池;青陽,,,,
440,16684,5226126,池州府志,田賦篇,1566,1566,池州府,117.481834,30.654661,池州府志_田賦篇,,驛傳船;大通逓運所;座船,,,一,,,,石埭,,,,
441,16684,5226126,池州府志,田賦篇,1566,1566,池州府,117.481834,30.654661,池州府志_田賦篇,,驛傳船;大通逓運所;座船,,,二,,,,建德,,,,
442,16684,5226126,池州府志,田賦篇,1566,1566,池州府,117.481834,30.654661,池州府志_田賦篇,,驛傳船;大通逓運所;座船,,,一,,,,東流,,,,
443,16684,5226126,池州府志,田賦篇,1566,1566,池州府,117.481834,30.654661,池州府志_田賦篇,,驛傳船;大通逓運所;座船,,,四,,,,徽州府,,,,
444,16684,5226126,池州府志,田賦篇,1566,1566,池州府,117.481834,30.654661,池州府志_田賦篇,,驛傳船;大通逓運所;座船,,,三,,,,寜國府,,,,
445,16684,5226126,池州府志,田賦篇,1566,1566,池州府,117.481834,30.654661,池州府志_田賦篇,,驛傳船;大通逓運所;紅船,,,一十四,,,,,,,,
446,16684,5226126,池州府志,田賦篇,1566,1566,池州府,117.481834,30.654661,池州府志_田賦篇,,驛傳船;大通逓運所;紅船,,,一,,,,青陽;銅陵;石埭,,,,
447,16684,5226126,池州府志,田賦篇,1566,1566,池州府,117.481834,30.654661,池州府志_田賦篇,,驛傳船;大通逓運所;紅船,,,九,,,,徽州府,,,,
448,16684,5226126,池州府志,田賦篇,1566,1566,池州府,117.481834,30.654661,池州府志_田賦篇,,驛傳船;大通逓運所;紅船,,,二,,,,寧國府,,,,
449,16684,5226126,池州府志,田賦篇,1566,1566,池州府,117.481834,30.654661,池州府志_田賦篇,,驛傳船;驛站船,,,三十九,,,,,,,,
450,16684,5226126,池州府志,田賦篇,1566,1566,池州府,117.481834,30.654661,池州府志_田賦篇,,驛傳船;驛站船;每以十分爲率,,,,,,,,,,,
451,16684,5226126,池州府志,田賦篇,1566,1566,池州府,117.481834,30.654661,池州府志_田賦篇,,驛傳船;驛站船,,,五,,,零六,貴池;池口,分,,,
452,16684,5226126,池州府志,田賦篇,1566,1566,池州府,117.481834,30.654661,池州府志_田賦篇,,驛傳船;驛站船,,,七,,,零三,李陽河,分,,,
453,16684,5226126,池州府志,田賦篇,1566,1566,池州府,117.481834,30.654661,池州府志_田賦篇,,驛傳船;驛站船,,,四,,,零九,青陽;池口,分,,,
454,16684,5226126,池州府志,田賦篇,1566,1566,池州府,117.481834,30.654661,池州府志_田賦篇,,驛傳船;驛站船,,,一,,,零四,大通,分,,,
455,16684,5226126,池州府志,田賦篇,1566,1566,池州府,117.481834,30.654661,池州府志_田賦篇,,驛傳船;驛站船,,,一,,,,李陽河,,,,
456,16684,5226126,池州府志,田賦篇,1566,1566,池州府,117.481834,30.654661,池州府志_田賦篇,,驛傳船;驛站船,,;分,一十一;零六,,,,銅陵;大通,,,,
457,16684,5226126,池州府志,田賦篇,1566,1566,池州府,117.481834,30.654661,池州府志_田賦篇,,驛傳船;驛站船,,;分,二;零五,,,,石埭;池口,,,,
458,16684,5226126,池州府志,田賦篇,1566,1566,池州府,117.481834,30.654661,池州府志_田賦篇,,驛傳船;驛站船,,,三,,,,建德;李陽河,,,,
459,16684,5226126,池州府志,田賦篇,1566,1566,池州府,117.481834,30.654661,池州府志_田賦篇,,驛傳船;驛站船,,;分,一;零七,,,,東流;李陽,,,,
460,16684,5226126,池州府志,田賦篇,1566,1566,池州府,117.481834,30.654661,池州府志_田賦篇,,驛傳船;每十年一造五年一脩,,,,,,,,,,,
461,16684,5226126,池州府志,田賦篇,1566,1566,池州府,117.481834,30.654661,池州府志_田賦篇,,水夫,,名,七百二十四,,,,,,,,
462,16684,5226126,池州府志,田賦篇,1566,1566,池州府,117.481834,30.654661,池州府志_田賦篇,,水夫;每名工食銀,,兩,七,,,二,,錢,,,
463,16684,5226126,池州府志,田賦篇,1566,1566,池州府,117.481834,30.654661,池州府志_田賦篇,,水夫;馬船,,名,五十二,,,,,,,,
464,16684,5226126,池州府志,田賦篇,1566,1566,池州府,117.481834,30.654661,池州府志_田賦篇,,水夫;馬船,,名,一十三,,,,青陽銅陵,,,,
465,16684,5226126,池州府志,田賦篇,1566,1566,池州府,117.481834,30.654661,池州府志_田賦篇,,水夫;馬船,,名,一十三,,,,貴池,,,,
466,16684,5226126,池州府志,田賦篇,1566,1566,池州府,117.481834,30.654661,池州府志_田賦篇,,水夫;馬船,,名,二十六,,,,徽州府,,,,
467,16684,5226126,池州府志,田賦篇,1566,1566,池州府,117.481834,30.654661,池州府志_田賦篇,,水夫;馬船,,名,一十三,,,,寧國府,,,,
468,16684,5226126,池州府志,田賦篇,1566,1566,池州府,117.481834,30.654661,池州府志_田賦篇,,水夫;座船,,名,一百七十,,,,,,,,
469,16684,5226126,池州府志,田賦篇,1566,1566,池州府,117.481834,30.654661,池州府志_田賦篇,,水夫;座船,,名,十,,,,青陽銅陵,,,,
470,16684,5226126,池州府志,田賦篇,1566,1566,池州府,117.481834,30.654661,池州府志_田賦篇,,水夫;座船,,名,三十,,,,貴池;青陽,,,,
471,16684,5226126,池州府志,田賦篇,1566,1566,池州府,117.481834,30.654661,池州府志_田賦篇,,水夫;座船,,名,十,,,,石埭,,,,
472,16684,5226126,池州府志,田賦篇,1566,1566,池州府,117.481834,30.654661,池州府志_田賦篇,,水夫;座船,,名,二十,,,,建德,,,,
473,16684,5226126,池州府志,田賦篇,1566,1566,池州府,117.481834,30.654661,池州府志_田賦篇,,水夫;座船,,名,十,,,,東流,,,,
474,16684,5226126,池州府志,田賦篇,1566,1566,池州府,117.481834,30.654661,池州府志_田賦篇,,水夫;座船,,名,四十,,,,徽州府,,,,
475,16684,5226126,池州府志,田賦篇,1566,1566,池州府,117.481834,30.654661,池州府志_田賦篇,,水夫;座船,,名,三十,,,,寜國府,,,,
476,16684,5226126,池州府志,田賦篇,1566,1566,池州府,117.481834,30.654661,池州府志_田賦篇,,水夫;紅船,,名,一百一十二,,,,,,,,
477,16684,5226126,池州府志,田賦篇,1566,1566,池州府,117.481834,30.654661,池州府志_田賦篇,,水夫;紅船,,名,八,,,,,,,,
478,16684,5226126,池州府志,田賦篇,1566,1566,池州府,117.481834,30.654661,池州府志_田賦篇,,水夫;紅船,,名,八,,,,青陽;銅陵;石埭,,,,
479,16684,5226126,池州府志,田賦篇,1566,1566,池州府,117.481834,30.654661,池州府志_田賦篇,,水夫;紅船,,名,七十二,,,,徽州府,,,,
480,16684,5226126,池州府志,田賦篇,1566,1566,池州府,117.481834,30.654661,池州府志_田賦篇,,水夫;紅船,,名,一十六,,,,寧國府,,,,
481,16684,5226126,池州府志,田賦篇,1566,1566,池州府,117.481834,30.654661,池州府志_田賦篇,,水夫;站船,,名;名,三百九十;十,,,,,,,,
482,16684,5226126,池州府志,田賦篇,1566,1566,池州府,117.481834,30.654661,池州府志_田賦篇,,水夫;站船,,名,五十六,,,,池口;貴池,,,,
483,16684,5226126,池州府志,田賦篇,1566,1566,池州府,117.481834,30.654661,池州府志_田賦篇,,水夫;站船,,名,四十九,,,,青陽,,,,
484,16684,5226126,池州府志,田賦篇,1566,1566,池州府,117.481834,30.654661,池州府志_田賦篇,,水夫;站船,,名,二十五,,,,石埭,,,,
485,16684,5226126,池州府志,田賦篇,1566,1566,池州府,117.481834,30.654661,池州府志_田賦篇,,水夫;站船,,名,七十三,,,,李陽河;貴池,,,,
486,16684,5226126,池州府志,田賦篇,1566,1566,池州府,117.481834,30.654661,池州府志_田賦篇,,水夫;站船,,名,十,,,,青陽,,,,
487,16684,5226126,池州府志,田賦篇,1566,1566,池州府,117.481834,30.654661,池州府志_田賦篇,,水夫;站船,,名,三十,,,,建德,,,,
488,16684,5226126,池州府志,田賦篇,1566,1566,池州府,117.481834,30.654661,池州府志_田賦篇,,水夫;站船,,名,一十七,,,,東流,,,,
489,16684,5226126,池州府志,田賦篇,1566,1566,池州府,117.481834,30.654661,池州府志_田賦篇,,水夫;站船,,名,一十四,,,,大通;青陽,,,,
490,16684,5226126,池州府志,田賦篇,1566,1566,池州府,117.481834,30.654661,池州府志_田賦篇,,水夫;站船,,名,一百一十六,,,,銅陵,,,,
491,16684,5226126,池州府志,田賦篇,1566,1566,池州府,117.481834,30.654661,池州府志_田賦篇,,支應銀,,兩;分;毫,三千零二十一;二;八,,,七,總,錢,,,
492,16684,5226126,池州府志,田賦篇,1566,1566,池州府,117.481834,30.654661,池州府志_田賦篇,,支應銀;每民糧,,石,一,,,,,,,,
493,16684,5226126,池州府志,田賦篇,1566,1566,池州府,117.481834,30.654661,池州府志_田賦篇,,支應銀;銀,,分;毫;忽,八;八;二,,,五,,絲,,,
494,16684,5226126,池州府志,田賦篇,1566,1566,池州府,117.481834,30.654661,池州府志_田賦篇,,支應銀,,兩;分;毫,九百八十六;二;九,,,六,貴池,錢,,,
495,16684,5226126,池州府志,田賦篇,1566,1566,池州府,117.481834,30.654661,池州府志_田賦篇,,支應銀,,兩;分;毫,六百二十四;七;七,,,三,青陽,錢,,,
496,16684,5226126,池州府志,田賦篇,1566,1566,池州府,117.481834,30.654661,池州府志_田賦篇,,支應銀,,兩;分;毫,七百一十七;五;二,,,五,銅陵,錢,,,
497,16684,5226126,池州府志,田賦篇,1566,1566,池州府,117.481834,30.654661,池州府志_田賦篇,,支應銀,,兩;分;毫,二百四十九;八;一,,,九,石埭,錢,,,
498,16684,5226126,池州府志,田賦篇,1566,1566,池州府,117.481834,30.654661,池州府志_田賦篇,,支應銀,,兩;分;毫,二百八十八;六;六,,,三,建德,錢,,,
499,16684,5226126,池州府志,田賦篇,1566,1566,池州府,117.481834,30.654661,池州府志_田賦篇,,支應銀,,兩;分;毫,一百五十四;一;三,,,八,東流,錢,,,
500,16684,5226126,池州府志,田賦篇,1566,1566,池州府,117.481834,30.654661,池州府志_田賦篇,,修造船鋪陳什物等需俱於内動支,,,,,,,,,,,